{
    "1": {
        "MCA": 8192,
        "EG": 4096,
        "E_ketek": 6.67,
        "param": [
            22.565427798565523,
            6.304989692509543,
            1.7244700413768742e-06
        ],
        "paramUn": [
            95.12868211049768,
            0.05018242444929835,
            6.634891155598303e-06
        ]
    },
    "2": {
        "MCA": 8192,
        "EG": 2730,
        "E_ketek": 10,
        "param": [
            -50.71206798941833,
            9.489875197279224,
            1.0797303498378777e-06
        ],
        "paramUn": [
            99.63846274056432,
            0.07487204483121834,
            1.313459984517118e-05
        ]
    },
    "3": {
        "MCA": 8192,
        "EG": 10922,
        "E_ketek": 2.5,
        "param": [
            -78.26503150906062,
            2.4023755093716797,
            -2.7158306693430493e-06
        ],
        "paramUn": [
            23.700522251492746,
            0.012615130480438967,
            1.4166961486480022e-06
        ]
    },
    "4": {
        "MCA": 8192,
        "EG": 3770,
        "E_ketek": 7.2,
        "param": [
            -9.668828114588367,
            6.82434863542424,
            6.890525368755981e-06
        ],
        "paramUn": [
            114.65677366523941,
            0.10626506646508166,
            1.356451864571998e-05
        ]
    },
    "5": {
        "MCA": 8192,
        "EG": 5461,
        "E_ketek": 5.0,
        "param": [
            4.730725421922858,
            4.724707107084602,
            5.657212898112438e-06
        ],
        "paramUn": [
            38.939673405426376,
            0.02846613288136799,
            5.027222612372328e-06
        ]
    },
    "6": {
        "MCA": 8192,
        "EG": 3400,
        "E_ketek": 7.8,
        "param": [
            -16.923548466384517,
            7.626007560843609,
            -1.1475244281641551e-06
        ],
        "paramUn": [
            14.877444752203736,
            0.012278540760927775,
            1.4699098845943848e-06
        ]
    }
}