{
    "1": {
        "MCA": 8192,
        "EG": 4096,
        "E_ketek": 6.67,
        "param": [
            22.586437881649154,
            6.304976802730696,
            1.7262719307693557e-06
        ],
        "paramUn": [
            95.1322337299436,
            0.05019170914813951,
            6.6359441927513196e-06
        ]
    },
    "2": {
        "MCA": 8192,
        "EG": 2730,
        "E_ketek": 10,
        "param": [
            -50.618437284418484,
            9.489803772917115,
            1.091949017528084e-06
        ],
        "paramUn": [
            99.59592501197241,
            0.07482491706837263,
            1.3126663308065213e-05
        ]
    },
    "3": {
        "MCA": 8192,
        "EG": 10922,
        "E_ketek": 2.5,
        "param": [
            -56.8615466595602,
            2.3866312158101164,
            -6.031659332282547e-07
        ],
        "paramUn": [
            72.98936503088736,
            0.029415774801857416,
            2.762047015147346e-06
        ]
    },
    "4": {
        "MCA": 8192,
        "EG": 3770,
        "E_ketek": 7.2,
        "param": [
            -9.66945536541103,
            6.8243490850701685,
            6.8904727852635655e-06
        ],
        "paramUn": [
            114.6459161795363,
            0.1062556835595476,
            1.3563554977528067e-05
        ]
    },
    "5": {
        "MCA": 8192,
        "EG": 5461,
        "E_ketek": 5.0,
        "param": [
            4.7962729855353805,
            4.724660831388998,
            5.664966009187159e-06
        ],
        "paramUn": [
            38.91306707500878,
            0.02845156416440931,
            5.0255031213349865e-06
        ]
    }
}